x_cm,phi_g1,phi_g2,phi_g3,phi_g4
0.000000000000000000e+00,5.547319904054058386e-04,1.628404751945708732e-04,-1.307517513525137216e-06,-0.000000000000000000e+00
5.000000000000000000e-01,6.180548450168715820e+11,3.070013023239108276e+11,2.584068323431469421e+11,2.867392220632173828e+12
1.000000000000000000e+00,1.238700087680726318e+12,6.151904617254188232e+11,5.176779257168957520e+11,5.735087373559196289e+12
1.500000000000000000e+00,1.864536982539068848e+12,9.257584128698057861e+11,7.786777822062381592e+11,8.603321158903777344e+12
2.000000000000000000e+00,2.498188543444000000e+12,1.239902221939173096e+12,1.042271335023599854e+12,1.147219429854065234e+13
2.500000000000000000e+00,3.142310537154098145e+12,1.558828092442294922e+12,1.309324035700529785e+12,1.434160376252262500e+13
3.000000000000000000e+00,3.799602614210625488e+12,1.883754296823198242e+12,1.580701784651109863e+12,1.721117245510819727e+13
3.500000000000000000e+00,4.472819623739857422e+12,2.215914005312039062e+12,1.857270648565841797e+12,2.008017684872322266e+13
4.000000000000000000e+00,5.164783159604300781e+12,2.556557980082299805e+12,2.139896304324481201e+12,2.294747205619318359e+13
4.500000000000000000e+00,5.878393386295115234e+12,2.906957098422732422e+12,2.429443144332396484e+12,2.581141383467550781e+13
5.000000000000000000e+00,6.616641194130502930e+12,3.268404663209731934e+12,2.726772972340899414e+12,2.866977701930954688e+13
5.500000000000000000e+00,7.382620734705141602e+12,3.642218452362651855e+12,3.032743211852917969e+12,3.151966989118740234e+13
6.000000000000000000e+00,8.179542389129285156e+12,4.029742451043473145e+12,3.348204541078731934e+12,3.435744399343918750e+13
6.500000000000000000e+00,9.010746223410171875e+12,4.432348200958773438e+12,3.673997859023456543e+12,3.717859892174130469e+13
7.000000000000000000e+00,9.879715987370076172e+12,4.851435690041313477e+12,4.010950476583826660e+12,3.997768163224069531e+13
7.500000000000000000e+00,1.079009371577340625e+13,5.288433692802259766e+12,4.359871414429026367e+12,4.274817983172434375e+13
8.000000000000000000e+00,1.174569499285922461e+13,5.744799456485718750e+12,4.721545675859541992e+12,4.548240904298210156e+13
8.500000000000000000e+00,1.275052494425606641e+13,6.222017610514527344e+12,5.096727347702158203e+12,4.817139297401018750e+13
9.000000000000000000e+00,1.380879502330452930e+13,6.721598156228974609e+12,5.486131365537180664e+12,5.080473686445861719e+13
9.500000000000000000e+00,1.492494066214260938e+13,7.245073370171806641e+12,5.890423761105220703e+12,5.337049353821554688e+13
1.000000000000000000e+01,1.610363986153327539e+13,7.793993426680734375e+12,6.310210189563397461e+12,5.585502195913129688e+13
1.050000000000000000e+01,1.734983279734799805e+13,8.369920513757758789e+12,6.746022512337554688e+12,5.824283816974000000e+13
1.100000000000000000e+01,1.866874252588129297e+13,8.974421179451539062e+12,7.198303187668749023e+12,6.051645859280505469e+13
1.150000000000000000e+01,2.006589687477648047e+13,9.609056603575457031e+12,7.667387195648363281e+12,6.265623579523363281e+13
1.200000000000000000e+01,2.154715161131221875e+13,1.027537044063975195e+13,8.153481197714002930e+12,6.464018695628898438e+13
1.250000000000000000e+01,2.311871498515279688e+13,1.097487382342138477e+13,8.656639602460878906e+12,6.644381545028431250e+13
1.300000000000000000e+01,2.478717374842630469e+13,1.170902705150417969e+13,9.176737180548722656e+12,6.803992615156474219e+13
1.350000000000000000e+01,2.655952076218595312e+13,1.247921741409782422e+13,9.713437841933060547e+12,6.939843530037661719e+13
1.400000000000000000e+01,2.844318430495928125e+13,1.328673250999862891e+13,1.026615915928888086e+13,7.048617603625804688e+13
1.450000000000000000e+01,3.044605920622339062e+13,1.413272832797262500e+13,1.083403219322185938e+13,7.126670101521139062e+13
1.500000000000000000e+01,3.257653993529322266e+13,1.501819123615545312e+13,1.141585614886832422e+13,7.170008388269539062e+13
1.550000000000000000e+01,3.484355578430527734e+13,1.594389289700709766e+13,1.201004737132365234e+13,7.174272178113110938e+13
1.600000000000000000e+01,3.725660829275602344e+13,1.691033697233321875e+13,1.261458217101796680e+13,7.134714153294965625e+13
1.650000000000000000e+01,3.982581107044947656e+13,1.791769630789593750e+13,1.322693296224573828e+13,7.046181266296770312e+13
1.700000000000000000e+01,4.256193218575950781e+13,1.896573908575030078e+13,1.384399720181403711e+13,6.903097101158172656e+13
1.750000000000000000e+01,4.547643929686580469e+13,2.005374220070732031e+13,1.446201863431635352e+13,6.699445734700710938e+13
1.800000000000000000e+01,4.858154771511755469e+13,2.118038985070300000e+13,1.507650039102661914e+13,6.428757611387725000e+13
1.850000000000000000e+01,5.189027160196835938e+13,2.234365502412963672e+13,1.568210955728427148e+13,6.084098025916995312e+13
1.900000000000000000e+01,5.541647851406006250e+13,2.354066121436773828e+13,1.627257292651738867e+13,5.658058895520428125e+13
1.950000000000000000e+01,5.917494752506466406e+13,2.476752128596144922e+13,1.684056380764828516e+13,5.142754599166592188e+13
2.000000000000000000e+01,6.318143116788581250e+13,2.601914995019247266e+13,1.737757995879671289e+13,4.529822762950409375e+13
2.050000000000000000e+01,6.699334891992585938e+13,2.745186110633798438e+13,1.800449705936576172e+13,4.050296789434660938e+13
2.100000000000000000e+01,7.043371178809492188e+13,2.883510745107726953e+13,1.864964214703871875e+13,3.691966240721132031e+13
2.150000000000000000e+01,7.357909628262678125e+13,3.016654064165037891e+13,1.930508910732514844e+13,3.428191966850575000e+13
2.200000000000000000e+01,7.648861732442807812e+13,3.144581518087283984e+13,1.996433634302273828e+13,3.238080145328782422e+13
2.250000000000000000e+01,7.920776973867770312e+13,3.267388365038558203e+13,2.062213463227548438e+13,3.105242944502185547e+13
2.300000000000000000e+01,8.177143628723342188e+13,3.385248967588795703e+13,2.127431039025932422e+13,3.016827483629875000e+13
2.350000000000000000e+01,8.420624213854107812e+13,3.498380861263219141e+13,2.191759607396105469e+13,2.962754621195131250e+13
2.400000000000000000e+01,8.653239683387951562e+13,3.607019788193757031e+13,2.254947442133589844e+13,2.935121955227114453e+13
2.450000000000000000e+01,8.876513439723589062e+13,3.711402807796162500e+13,2.316803981328112500e+13,2.927735419566442188e+13
2.500000000000000000e+01,9.091583839500107812e+13,3.811757301983246094e+13,2.377187781582870312e+13,2.935741646988395703e+13
2.550000000000000000e+01,9.299292006761982812e+13,3.908294233085705469e+13,2.435996255404568359e+13,2.955339338429011328e+13
2.600000000000000000e+01,9.500250299916132812e+13,4.001204425894150781e+13,2.493157073604734766e+13,2.983552610283557031e+13
2.650000000000000000e+01,9.694895628551512500e+13,4.090656960178135938e+13,2.548621070299396875e+13,3.018052985742375000e+13
2.700000000000000000e+01,9.883530913362462500e+13,4.176798999283710938e+13,2.602356469837860156e+13,3.057019581652683984e+13
2.750000000000000000e+01,1.006635727369553281e+14,4.259756561463441406e+13,2.654344253473092578e+13,3.099029298159234375e+13
2.800000000000000000e+01,1.024349896990051719e+14,4.339635876993821875e+13,2.704574492323332812e+13,3.142970583192632031e+13
2.850000000000000000e+01,1.041502269108096562e+14,4.416525076391020312e+13,2.753043487699909375e+13,3.187975725642144922e+13
2.900000000000000000e+01,1.058095243399230312e+14,4.490496031196854688e+13,2.799751577174263281e+13,3.233367713710056250e+13
2.950000000000000000e+01,1.074128095014481562e+14,4.561606225171819531e+13,2.844701482849187891e+13,3.278618543850324609e+13
3.000000000000000000e+01,1.089597852550346875e+14,4.629900575044353906e+13,2.887897095937272656e+13,3.323316531769818359e+13
3.050000000000000000e+01,1.104499969078400156e+14,4.695413149947171094e+13,2.929342608194905859e+13,3.367140699930231641e+13
3.100000000000000000e+01,1.118828832930269219e+14,4.758168760134150000e+13,2.969041915622562500e+13,3.409840726831734766e+13
3.150000000000000000e+01,1.132578154759678594e+14,4.818184400693807812e+13,3.006998232962901172e+13,3.451221266301818359e+13
3.200000000000000000e+01,1.145741259272887500e+14,4.875470546363685938e+13,3.043213868899141016e+13,3.491129698989092969e+13
3.250000000000000000e+01,1.158311303740743750e+14,4.930032300490217188e+13,3.077690121561542969e+13,3.529446578088761719e+13
3.300000000000000000e+01,1.170281440489813594e+14,4.981870405599094531e+13,3.110427262125890234e+13,3.566078188609039844e+13
3.350000000000000000e+01,1.181644936686614062e+14,5.030982125645215625e+13,3.141424581096437500e+13,3.600950763322066406e+13
3.400000000000000000e+01,1.192395261684253125e+14,5.077362011335452344e+13,3.170680477475901562e+13,3.634005996065185938e+13
3.450000000000000000e+01,1.202526149922771719e+14,5.121002560370131250e+13,3.198192575602458203e+13,3.665197569870849219e+13
3.500000000000000000e+01,1.212031645426792344e+14,5.161894784282539062e+13,3.223957858132286328e+13,3.694488477908072656e+13
3.550000000000000000e+01,1.220906132619596094e+14,5.200028693035314062e+13,3.247972806607155469e+13,3.721848962875557031e+13
3.600000000000000000e+01,1.229144357007281875e+14,5.235393707762201562e+13,3.270233543393805859e+13,3.747254938019480469e+13
3.650000000000000000e+01,1.236741438424802969e+14,5.267979011159350781e+13,3.290735970624120703e+13,3.770686782500409375e+13
3.700000000000000000e+01,1.243692878895574844e+14,5.297773844106493750e+13,3.309475903195919531e+13,3.792128427092185156e+13
3.750000000000000000e+01,1.249994566644247500e+14,5.324767756177768750e+13,3.326449193992150781e+13,3.811566664490664062e+13
3.800000000000000000e+01,1.255642777380857500e+14,5.348950816818729688e+13,3.341651850308275781e+13,3.828990632890242188e+13
3.850000000000000000e+01,1.260634173695394531e+14,5.370313793151957812e+13,3.355080141098646094e+13,3.844391432777099219e+13
3.900000000000000000e+01,1.264965803175574219e+14,5.388848299631387500e+13,3.366730695108248438e+13,3.857761845741067969e+13
3.950000000000000000e+01,1.268635095669157500e+14,5.404546924099738281e+13,3.376600590283477344e+13,3.869096131035663281e+13
4.000000000000000000e+01,1.271639859997115156e+14,5.417403334223425781e+13,3.384687435084678906e+13,3.878389881021276562e+13
4.050000000000000000e+01,1.273978280301795312e+14,5.427412367774214062e+13,3.390989442478038281e+13,3.885639920826311719e+13
4.100000000000000000e+01,1.275648912184626094e+14,5.434570109807237500e+13,3.395505497484366016e+13,3.890844240802888281e+13
4.150000000000000000e+01,1.276650678667108906e+14,5.438873959424551562e+13,3.398235219221805859e+13,3.894001952829817188e+13
4.200000000000000000e+01,1.276982866044207188e+14,5.440322688540903906e+13,3.399179018410563281e+13,3.895113263374493750e+13
4.250000000000000000e+01,1.276645119615661875e+14,5.438916494844810938e+13,3.398338151318084766e+13,3.894179457578975000e+13
4.300000000000000000e+01,1.275637439285835625e+14,5.434657050997733594e+13,3.395714771119283203e+13,3.891202889566765625e+13
4.350000000000000000e+01,1.273960175012711875e+14,5.427547552021795312e+13,3.391311977631448828e+13,3.886186974733146875e+13
4.400000000000000000e+01,1.271614022092855625e+14,5.417592762794099219e+13,3.385133866359729297e+13,3.879136180019154688e+13
4.450000000000000000e+01,1.268600016206563906e+14,5.404799067582810156e+13,3.377185577755366406e+13,3.870056008093914844e+13
4.500000000000000000e+01,1.264919528303484375e+14,5.389174523663862500e+13,3.367473347544137500e+13,3.858952970979775000e+13
4.550000000000000000e+01,1.260574259224310625e+14,5.370728921175111719e+13,3.356004558921105859e+13,3.845834547928296875e+13
4.600000000000000000e+01,1.255566234156448906e+14,5.349473851596182812e+13,3.342787797324557031e+13,3.830709121252899219e+13
4.650000000000000000e+01,1.249897796954917344e+14,5.325422787502608594e+13,3.327832908386938281e+13,3.813585882283092188e+13
4.700000000000000000e+01,1.243571604457040000e+14,5.298591176591756250e+13,3.311151059501819531e+13,3.794474697539705469e+13
4.750000000000000000e+01,1.236590620929415781e+14,5.268996553387883594e+13,3.292754805227319922e+13,3.773385922523819531e+13
4.800000000000000000e+01,1.228958112944744688e+14,5.236658672538462500e+13,3.272658156448040625e+13,3.750330147013463281e+13
4.850000000000000000e+01,1.220677645055691094e+14,5.201599668185022656e+13,3.250876652812926953e+13,3.725317851276900781e+13
4.900000000000000000e+01,1.211753076774695469e+14,5.163844244552517188e+13,3.227427437423482031e+13,3.698358946892346875e+13
4.950000000000000000e+01,1.202188561603211875e+14,5.123419903655177344e+13,3.202329332024877344e+13,3.669462168597119531e+13
5.000000000000000000e+01,1.191988549098511250e+14,5.080357216848446094e+13,3.175602910000916797e+13,3.638634274378786719e+13
5.050000000000000000e+01,1.181157791283488438e+14,5.034690147864929688e+13,3.147270563230641016e+13,3.605878999366671875e+13
5.100000000000000000e+01,1.169701355160802031e+14,4.986456435951360938e+13,3.117356557252980859e+13,3.571195694355101562e+13
5.150000000000000000e+01,1.157624643678512188e+14,4.935698048743227344e+13,3.085887067112499609e+13,3.534577561197312500e+13
5.200000000000000000e+01,1.144933428127737188e+14,4.882461715522625781e+13,3.052890183610610547e+13,3.496009373853611328e+13
5.250000000000000000e+01,1.131633896017600781e+14,4.826799552491683594e+13,3.018395876324793359e+13,3.455464544302727734e+13
5.300000000000000000e+01,1.117732719515768750e+14,4.768769792509115625e+13,2.982435895518065234e+13,3.412901355249461719e+13
5.350000000000000000e+01,1.103237151190997812e+14,4.708437632338149219e+13,2.945043589744747266e+13,3.368258134590573438e+13
5.400000000000000000e+01,1.088155155625648125e+14,4.645876210610444531e+13,2.906253609331831250e+13,3.321447087420341797e+13
5.450000000000000000e+01,1.072495588008734375e+14,4.581167729252928906e+13,2.866101457702416016e+13,3.272346426794562109e+13
5.500000000000000000e+01,1.056268433924109062e+14,4.514404729709116406e+13,2.824622842386370703e+13,3.220790350520451562e+13
5.550000000000000000e+01,1.039485128527503438e+14,4.445691532519505469e+13,2.781852765162035156e+13,3.166556292835589844e+13
5.600000000000000000e+01,1.022158978386529375e+14,4.375145844156994531e+13,2.737824275667084766e+13,3.109348730574511328e+13
5.650000000000000000e+01,1.004305715661481562e+14,4.302900527700991406e+13,2.692566794529676172e+13,3.048778635183225781e+13
5.700000000000000000e+01,9.859442224077051562e+13,4.229105523013083594e+13,2.646103890076992969e+13,2.984337424443374219e+13
5.750000000000000000e+01,9.670974730424765625e+13,4.153929886275511719e+13,2.598450366411392188e+13,2.915363967956281250e+13
5.800000000000000000e+01,9.477937560912925000e+13,4.077563896412110938e+13,2.549608489516538672e+13,2.841002821729056250e+13
5.850000000000000000e+01,9.280682526367189062e+13,4.000221144812156250e+13,2.499563141486634375e+13,2.760151388509486328e+13
5.900000000000000000e+01,9.079650697954740625e+13,3.922140482144048438e+13,2.448275650435464062e+13,2.671393094978415625e+13
5.950000000000000000e+01,8.875398536974232812e+13,3.843587638131802344e+13,2.395675994738940234e+13,2.572912910295282422e+13
6.000000000000000000e+01,8.668631396587160938e+13,3.764856252255466406e+13,2.341653024828097266e+13,2.462390559117806641e+13
6.050000000000000000e+01,8.462199231162664062e+13,3.685296780182144531e+13,2.285985938723338281e+13,2.349961185592297656e+13
6.100000000000000000e+01,8.258888601266846875e+13,3.605883852854878125e+13,2.232168429108017969e+13,2.253299576813210547e+13
6.150000000000000000e+01,8.059286265922843750e+13,3.526886367898698438e+13,2.179964447808303516e+13,2.168927919898341406e+13
6.200000000000000000e+01,7.863793173033532812e+13,3.448536498060287109e+13,2.129197725823835938e+13,2.094178582163510938e+13
6.250000000000000000e+01,7.672671079253670312e+13,3.371031835436487891e+13,2.079737784528463281e+13,2.027006012227848047e+13
6.300000000000000000e+01,7.486078033498043750e+13,3.294538181562283203e+13,2.031488858703784375e+13,1.965842171803896094e+13
6.350000000000000000e+01,7.304095331445064062e+13,3.219192640943864453e+13,1.984381189871452344e+13,1.909485413974492969e+13
6.400000000000000000e+01,7.126747943751928125e+13,3.145106786512993750e+13,1.938364235705345312e+13,1.857015069898987109e+13
6.450000000000000000e+01,6.954019955081944531e+13,3.072369745634139844e+13,1.893401417937661328e+13,1.807725802719362500e+13
6.500000000000000000e+01,6.785866194697498438e+13,3.001051112654055078e+13,1.849466097377264062e+13,1.761077164510157031e+13
6.550000000000000000e+01,6.622220963541657031e+13,2.931203634443889453e+13,1.806538521122700000e+13,1.716654848206283203e+13
6.600000000000000000e+01,6.463004552187727344e+13,2.862865643468325000e+13,1.764603534693511719e+13,1.674140936903021484e+13
6.650000000000000000e+01,6.308128081407708594e+13,2.796063231937449609e+13,1.723648891629368750e+13,1.633291075279898633e+13
6.700000000000000000e+01,6.157497072029417188e+13,2.730812173066490234e+13,1.683664026128431055e+13,1.593916966105030859e+13
6.750000000000000000e+01,6.011014055827584375e+13,2.667119603260558203e+13,1.644639181476264258e+13,1.555872962431039648e+13
6.800000000000000000e+01,5.868580464074360156e+13,2.604985483482985938e+13,1.606564809237057227e+13,1.519045808907263477e+13
6.850000000000000000e+01,5.730097975171004688e+13,2.544403860238862500e+13,1.569431172230784766e+13,1.483346803291580273e+13
6.900000000000000000e+01,5.595469458944849219e+13,2.485363947187693750e+13,1.533228098896350000e+13,1.448705816833168555e+13
6.950000000000000000e+01,5.464599621623142188e+13,2.427851047952275391e+13,1.497944848341930469e+13,1.415066741282550781e+13
7.000000000000000000e+01,5.337395430766766406e+13,2.371847339612956250e+13,1.463570054722320117e+13,1.382384029744543750e+13
7.050000000000000000e+01,5.213766379561381250e+13,2.317332534909789844e+13,1.430091726992033789e+13,1.350620075240758008e+13
7.100000000000000000e+01,5.093624635057238281e+13,2.264284439531094922e+13,1.397497285925670898e+13,1.319743229930619922e+13
7.150000000000000000e+01,4.976885104031756250e+13,2.212679419173614062e+13,1.365773624875452930e+13,1.289726313483075977e+13
7.200000000000000000e+01,4.863465441127034375e+13,2.162492789385994531e+13,1.334907184299211523e+13,1.260545494196350391e+13
7.250000000000000000e+01,4.753286017585587500e+13,2.113699139627146875e+13,1.304884032845258789e+13,1.232179453518383594e+13
7.300000000000000000e+01,4.646269864328889062e+13,2.066272601509019531e+13,1.275689949890374609e+13,1.204608765466045703e+13
7.350000000000000000e+01,4.542342598681328906e+13,2.020187069848875000e+13,1.247310506028952344e+13,1.177815438495469922e+13
7.400000000000000000e+01,4.441432342168485156e+13,1.975416383970479688e+13,1.219731139214776758e+13,1.151782579733173828e+13
7.450000000000000000e+01,4.343469634162121875e+13,1.931934475622738281e+13,1.192937225149347266e+13,1.126494150982392383e+13
7.500000000000000000e+01,4.248387344565699219e+13,1.889715488949105859e+13,1.166914141162437500e+13,1.101934793223036523e+13
7.550000000000000000e+01,4.156120588394326562e+13,1.848733877135953516e+13,1.141647323297445312e+13,1.078089701930286719e+13
7.600000000000000000e+01,4.066606642980364062e+13,1.808964479643883984e+13,1.117122316639680078e+13,1.054944539834658008e+13
7.650000000000000000e+01,3.979784869350174219e+13,1.770382583335315234e+13,1.093324819145180859e+13,1.032485377035759961e+13
7.700000000000000000e+01,3.895596637913544531e+13,1.732963970275966797e+13,1.070240719367451367e+13,1.010698650894789453e+13
7.750000000000000000e+01,3.813985258772497656e+13,1.696684954546726562e+13,1.047856128560908203e+13,9.895711400461126953e+12
7.800000000000000000e+01,3.734895916360494531e+13,1.661522410018016016e+13,1.026157407678973633e+13,9.690899483244865234e+12
7.850000000000000000e+01,3.658275608761100781e+13,1.627453790726937109e+13,1.005131189794010352e+13,9.492424955082162109e+12
7.900000000000000000e+01,3.584073091007353125e+13,1.594457145212486523e+13,9.847643984548476562e+12,9.300165126122072266e+12
7.950000000000000000e+01,3.512238822460377734e+13,1.562511125945593164e+13,9.650442624728025391e+12,9.114000400919453125e+12
8.000000000000000000e+01,3.442724917598525781e+13,1.531594994788607227e+13,9.459583275938365234e+12,8.933814277888197266e+12
8.050000000000000000e+01,3.375485100334436719e+13,1.501688625267856055e+13,9.274944654768402344e+12,8.759493357965298828e+12
8.100000000000000000e+01,3.310474661334770312e+13,1.472772502298966406e+13,9.096408803583958984e+12,8.590927356864467773e+12
8.150000000000000000e+01,3.247650418024597656e+13,1.444827719894523242e+13,8.923861137449724609e+12,8.428009117190509766e+12
8.200000000000000000e+01,3.186970677360875391e+13,1.417835977294832227e+13,8.757190474354604492e+12,8.270634618057566406e+12
8.250000000000000000e+01,3.128395200629908594e+13,1.391779573873341406e+13,8.596289051410229492e+12,8.118702980837458008e+12
8.300000000000000000e+01,3.071885170581776172e+13,1.366641403117427539e+13,8.441052529361582031e+12,7.972116470356012695e+12
8.350000000000000000e+01,3.017403160427003906e+13,1.342404945920933789e+13,8.291379987445329102e+12,7.830780491332243164e+12
8.400000000000000000e+01,2.964913104608716016e+13,1.319054263385018750e+13,8.147173910358654297e+12,7.694603580173527344e+12
8.450000000000000000e+01,2.914380271125386719e+13,1.296573989285745703e+13,8.008340168857839844e+12,7.563497392443367188e+12
8.500000000000000000e+01,2.865771235344648438e+13,1.274949322339071875e+13,7.874787995290559570e+12,7.437376686438821289e+12
8.550000000000000000e+01,2.819053855457773828e+13,1.254166018371249219e+13,7.746429955175791016e+12,7.316159303376765625e+12
8.600000000000000000e+01,2.774197248861426172e+13,1.234210382470472266e+13,7.623181915778529297e+12,7.199766144709604492e+12
8.650000000000000000e+01,2.731171769907626562e+13,1.215069261194855078e+13,7.504963012483769531e+12,7.088121147085051758e+12
8.700000000000000000e+01,2.689948988853737500e+13,1.196730034889976758e+13,7.391695613648835938e+12,6.981151255441259766e+12
8.750000000000000000e+01,2.650501671754075391e+13,1.179180610156441211e+13,7.283305284505363281e+12,6.878786394694240234e+12
8.800000000000000000e+01,2.612803761489115625e+13,1.162409412504745898e+13,7.179720750590663086e+12,6.780959440434707031e+12
8.850000000000000000e+01,2.576830359565080078e+13,1.146405379220286719e+13,7.080873861108889648e+12,6.687606189009181641e+12
8.900000000000000000e+01,2.542557709000903906e+13,1.131157952464398828e+13,6.986699552556276367e+12,6.598665327318355469e+12
8.950000000000000000e+01,2.509963178130285547e+13,1.116657072625665430e+13,6.897135812887158203e+12,6.514078402625152344e+12
9.000000000000000000e+01,2.479025245017737891e+13,1.102893171930056250e+13,6.812123646449078125e+12,6.433789792627084961e+12
9.050000000000000000e+01,2.449723482930421094e+13,1.089857168325642773e+13,6.731607039875994141e+12,6.357746676013060547e+12
9.100000000000000000e+01,2.422038546523618359e+13,1.077540459644467773e+13,6.655532929093453125e+12,6.285899003693115234e+12
9.150000000000000000e+01,2.395952158723112891e+13,1.065934918046393359e+13,6.583851167561369141e+12,6.218199470861813477e+12
9.200000000000000000e+01,2.371447098532427344e+13,1.055032884751565820e+13,6.516514495856715820e+12,6.154603490031379883e+12
9.250000000000000000e+01,2.348507189417912891e+13,1.044827165059144141e+13,6.453478512677830078e+12,6.095069165148895508e+12
9.300000000000000000e+01,2.327117288465078906e+13,1.035311023656264062e+13,6.394701647336354492e+12,6.039557266893339844e+12
9.350000000000000000e+01,2.307263276293542578e+13,1.026478180217913477e+13,6.340145133789153320e+12,5.988031209231890625e+12
9.400000000000000000e+01,2.288932047661625000e+13,1.018322805296631836e+13,6.289772986251127930e+12,5.940457027301285156e+12
9.450000000000000000e+01,2.272111502669871094e+13,1.010839516500479688e+13,6.243551976420878906e+12,5.896803356668378906e+12
9.500000000000000000e+01,2.256790538805203516e+13,1.004023374961814648e+13,6.201451612344225586e+12,5.857041414013535156e+12
9.550000000000000000e+01,2.242959043390703516e+13,9.978698820905056641e+12,6.163444118933817383e+12,5.821144979273046875e+12
9.600000000000000000e+01,2.230607887021328906e+13,9.923749766184503906e+12,6.129504420159832031e+12,5.789090379268933594e+12
9.650000000000000000e+01,2.219728917486889453e+13,9.875350319275382812e+12,6.099610122920986328e+12,5.760856472849439453e+12
9.700000000000000000e+01,2.210314954300550781e+13,9.833468536614136719e+12,6.073741502603506836e+12,5.736424637558090820e+12
9.750000000000000000e+01,2.202359783957586719e+13,9.798076776220328125e+12,6.051881490333179688e+12,5.715778757845773438e+12
9.800000000000000000e+01,2.195858155838856641e+13,9.769151679489910156e+12,6.034015661923954102e+12,5.698905214837021484e+12
9.850000000000000000e+01,2.190805778721091797e+13,9.746674155800994141e+12,6.020132228524986328e+12,5.685792877658837891e+12
9.900000000000000000e+01,2.187199317908408984e+13,9.730629369927720703e+12,6.010222028967420898e+12,5.676433096338678711e+12
9.950000000000000000e+01,2.185036393105351172e+13,9.721006732270630859e+12,6.004278523811671875e+12,5.670819696276216797e+12
1.000000000000000000e+02,2.184315576739828516e+13,9.717799891859742188e+12,6.002297791095129883e+12,5.668948974292429688e+12
1.005000000000000000e+02,2.185036393048775781e+13,9.721006732170162109e+12,6.004278523780909180e+12,5.670819696258123047e+12
1.010000000000000000e+02,2.187199317783012109e+13,9.730629369729818359e+12,6.010222028907403320e+12,5.676433096303308594e+12
1.015000000000000000e+02,2.190805778525323828e+13,9.746674155515589844e+12,6.020132228438701172e+12,5.685792877607793945e+12
1.020000000000000000e+02,2.195858155620789062e+13,9.769151679138291016e+12,6.034015661815744141e+12,5.698905214772585938e+12
1.025000000000000000e+02,2.202359783709475000e+13,9.798076775819119141e+12,6.051881490208271484e+12,5.715778757770764648e+12
1.030000000000000000e+02,2.210314954052719531e+13,9.833468536186070312e+12,6.073741502467820312e+12,5.736424637475729492e+12
1.035000000000000000e+02,2.219728917238663281e+13,9.875350318839328125e+12,6.099610122780702148e+12,5.760856472763141602e+12
1.040000000000000000e+02,2.230607886792578906e+13,9.923749765761181641e+12,6.129504420021128906e+12,5.789090379182141602e+12
1.045000000000000000e+02,2.242959043166104297e+13,9.978698820509591797e+12,6.163444118802585938e+12,5.821144979189068359e+12
1.050000000000000000e+02,2.256790538626578516e+13,1.004023374927163086e+13,6.201451612225881836e+12,5.857041413935354492e+12
1.055000000000000000e+02,2.272111502532432031e+13,1.010839516471928711e+13,6.243551976320005859e+12,5.896803356598482422e+12
1.060000000000000000e+02,2.288932047545423438e+13,1.018322805274891211e+13,6.289772986171319336e+12,5.940457027241556641e+12
1.065000000000000000e+02,2.307263276220490625e+13,1.026478180204041406e+13,6.340145133733017578e+12,5.988031209183489258e+12
1.070000000000000000e+02,2.327117288414065234e+13,1.035311023650572266e+13,6.394701647305312500e+12,6.039557266856606445e+12
1.075000000000000000e+02,2.348507189417882422e+13,1.044827165062397656e+13,6.453478512672062500e+12,6.095069165123247070e+12
1.080000000000000000e+02,2.371447098606803125e+13,1.055032884764093945e+13,6.516514495874994141e+12,6.154603490015277344e+12
1.085000000000000000e+02,2.395952158826543750e+13,1.065934918067169141e+13,6.583851167600835938e+12,6.218199470852729492e+12
1.090000000000000000e+02,2.422038546668321094e+13,1.077540459672906836e+13,6.655532929149843750e+12,6.285899003687557617e+12
1.095000000000000000e+02,2.449723483155960156e+13,1.089857168361132031e+13,6.731607039943558594e+12,6.357746676006574219e+12
1.100000000000000000e+02,2.479025245277726953e+13,1.102893171970310352e+13,6.812123646520495117e+12,6.433789792614349609e+12
1.105000000000000000e+02,2.509963178419491797e+13,1.116657072668511719e+13,6.897135812953875977e+12,6.514078402600106445e+12
1.110000000000000000e+02,2.542557709299525391e+13,1.131157952507223633e+13,6.986699552608716797e+12,6.598665327274331055e+12
1.115000000000000000e+02,2.576830359850298438e+13,1.146405379260327930e+13,7.080873861136791016e+12,6.687606188939061523e+12
1.120000000000000000e+02,2.612803761787372266e+13,1.162409412539818555e+13,7.179720750583390625e+12,6.780959440331156250e+12
1.125000000000000000e+02,2.650501672035969141e+13,1.179180610183494531e+13,7.283305284452038086e+12,6.878786394549875000e+12
1.130000000000000000e+02,2.689948989079473828e+13,1.196730034905834375e+13,7.391695613538704102e+12,6.981151255248869141e+12
1.135000000000000000e+02,2.731171770112322266e+13,1.215069261197466211e+13,7.504963012306654297e+12,7.088121146837828125e+12
1.140000000000000000e+02,2.774197249018036328e+13,1.234210382457052148e+13,7.623181915524916992e+12,7.199766144401326172e+12
1.145000000000000000e+02,2.819053855559496875e+13,1.254166018339352539e+13,7.746429954837212891e+12,7.316159303002019531e+12
1.150000000000000000e+02,2.865771235364044922e+13,1.274949322286210938e+13,7.874787994859899414e+12,7.437376685993196289e+12
1.155000000000000000e+02,2.914380271008771484e+13,1.296573989209600781e+13,8.008340168329740234e+12,7.563497391923627930e+12
1.160000000000000000e+02,2.964913104399450781e+13,1.319054263285280469e+13,8.147173909729955078e+12,7.694603579577735352e+12
1.165000000000000000e+02,3.017403160117930469e+13,1.342404945797276562e+13,8.291379986715002930e+12,7.830780490659846680e+12
1.170000000000000000e+02,3.071885170155412891e+13,1.366641402969992773e+13,8.441052528530765625e+12,7.972116469607884766e+12
1.175000000000000000e+02,3.128395200106776953e+13,1.391779573703439844e+13,8.596289050482259766e+12,8.118702980015867188e+12
1.180000000000000000e+02,3.186970676770135938e+13,1.417835977104433008e+13,8.757190473334781250e+12,8.270634617166118164e+12
1.185000000000000000e+02,3.247650417399680859e+13,1.444827719685896484e+13,8.923861136344958984e+12,8.428009116234032227e+12
1.190000000000000000e+02,3.310474660649217578e+13,1.472772502073691602e+13,9.096408802402451172e+12,8.590927355848905273e+12
1.195000000000000000e+02,3.375485099624216797e+13,1.501688625028414648e+13,9.274944653519552734e+12,8.759493356897551758e+12
1.200000000000000000e+02,3.442724916848703125e+13,1.531594994536875977e+13,9.459583274632507812e+12,8.933814276776007812e+12
1.205000000000000000e+02,3.512238821677801953e+13,1.562511125683807031e+13,9.650442623376357422e+12,9.114000399771224609e+12
1.210000000000000000e+02,3.584073090190328906e+13,1.594457144942919922e+13,9.847643983162970703e+12,9.300165124946753906e+12
1.215000000000000000e+02,3.658275607885555469e+13,1.627453790451850195e+13,1.005131189653339453e+13,9.492424953889039062e+12
1.220000000000000000e+02,3.734895915467133594e+13,1.661522409740894336e+13,1.026157407537508789e+13,9.690899482043390625e+12
1.225000000000000000e+02,3.813985257863320312e+13,1.696684954270836523e+13,1.047856128419998828e+13,9.895711399260687500e+12
1.230000000000000000e+02,3.895596637028241406e+13,1.732963970005185352e+13,1.070240719228436523e+13,1.010698650775756445e+13
1.235000000000000000e+02,3.979784868475490625e+13,1.770382583072841797e+13,1.093324819009341602e+13,1.032485376918585742e+13
1.240000000000000000e+02,4.066606642145322656e+13,1.808964479393442188e+13,1.117122316508204492e+13,1.054944539720107227e+13
1.245000000000000000e+02,4.156120587652111719e+13,1.848733876901357422e+13,1.141647323171376172e+13,1.078089701819012891e+13
1.250000000000000000e+02,4.248387343949436719e+13,1.889715488733254688e+13,1.166914141042607227e+13,1.101934793115556055e+13
1.255000000000000000e+02,4.343469633637251562e+13,1.931934475426810156e+13,1.192937225036333594e+13,1.126494150879065430e+13
1.260000000000000000e+02,4.441432341758066406e+13,1.975416383795646875e+13,1.219731139108893359e+13,1.151782579634191016e+13
1.265000000000000000e+02,4.542342598388551562e+13,2.020187069695276562e+13,1.247310505930230859e+13,1.177815438400842188e+13
1.270000000000000000e+02,4.646269864166985938e+13,2.066272601376021875e+13,1.275689949798563281e+13,1.204608765375605469e+13
1.275000000000000000e+02,4.753286017496505469e+13,2.113699139512351172e+13,1.304884032759825195e+13,1.232179453431788867e+13
1.280000000000000000e+02,4.863465441103461719e+13,2.162492789287114062e+13,1.334907184219393164e+13,1.260545494113096875e+13
1.285000000000000000e+02,4.976885104074710156e+13,2.212679419088077344e+13,1.365773624800285742e+13,1.289726313402513672e+13
1.290000000000000000e+02,5.093624635128971094e+13,2.264284439455490625e+13,1.397497285854019727e+13,1.319743229851970508e+13
1.295000000000000000e+02,5.213766379654662500e+13,2.317332534840935938e+13,1.430091726922638672e+13,1.350620075163139453e+13
1.300000000000000000e+02,5.337395430880357812e+13,2.371847339547653125e+13,1.463570054653831836e+13,1.382384029666991797e+13
1.305000000000000000e+02,5.464599621716708594e+13,2.427851047886780859e+13,1.497944848272936914e+13,1.415066741204041406e+13
1.310000000000000000e+02,5.595469459009122656e+13,2.485363947118823438e+13,1.533228098825420117e+13,1.448705816752641797e+13
1.315000000000000000e+02,5.730097975220743750e+13,2.544403860163941016e+13,1.569431172156495117e+13,1.483346803207959961e+13
1.320000000000000000e+02,5.868580464107741406e+13,2.604985483399183594e+13,1.606564809158000781e+13,1.519045808819478320e+13
1.325000000000000000e+02,6.011014055852952344e+13,2.667119603165093750e+13,1.644639181391065039e+13,1.555872962338041406e+13
1.330000000000000000e+02,6.157497071998124219e+13,2.730812172955780469e+13,1.683664026035760156e+13,1.593916966005810156e+13
1.335000000000000000e+02,6.308128081327842969e+13,2.796063231808742969e+13,1.723648891527985352e+13,1.633291075173507812e+13
1.340000000000000000e+02,6.463004552075559375e+13,2.862865643319047656e+13,1.764603534582287500e+13,1.674140936788587891e+13
1.345000000000000000e+02,6.622220963328042969e+13,2.931203634270427734e+13,1.806538521000636719e+13,1.716654848083021289e+13
1.350000000000000000e+02,6.785866194366139844e+13,3.001051112453901953e+13,1.849466097243555469e+13,1.761077164377384766e+13
1.355000000000000000e+02,6.954019954615300000e+13,3.072369745405487500e+13,1.893401417791730859e+13,1.807725802576503125e+13
1.360000000000000000e+02,7.126747943111114062e+13,3.145106786254710156e+13,1.938364235546869922e+13,1.857015069745569141e+13
1.365000000000000000e+02,7.304095330656942188e+13,3.219192640656810938e+13,1.984381189700382422e+13,1.909485413810136719e+13
1.370000000000000000e+02,7.486078032585842188e+13,3.294538181248314453e+13,2.031488858520316797e+13,1.965842171628289844e+13
1.375000000000000000e+02,7.672671078278309375e+13,3.371031835098622656e+13,2.079737784332993750e+13,2.027006012040707812e+13
1.380000000000000000e+02,7.863793172024096875e+13,3.448536497701328125e+13,2.129197725616885938e+13,2.094178581964532031e+13
1.385000000000000000e+02,8.059286264883234375e+13,3.526886367521020312e+13,2.179964447590460938e+13,2.168927919687139062e+13
1.390000000000000000e+02,8.258888600222375000e+13,3.605883852460900781e+13,2.232168428879901172e+13,2.253299576589246094e+13
1.395000000000000000e+02,8.462199230111675000e+13,3.685296779773613281e+13,2.285985938485545703e+13,2.349961185354799609e+13
1.400000000000000000e+02,8.668631395511720312e+13,3.764856251833617969e+13,2.341653024581190234e+13,2.462390558865664453e+13
1.405000000000000000e+02,8.875398535870481250e+13,3.843587637698032031e+13,2.395675994483917578e+13,2.572912910029310156e+13
1.410000000000000000e+02,9.079650696809681250e+13,3.922140481699515625e+13,2.448275650173180078e+13,2.671393094700390625e+13
1.415000000000000000e+02,9.280682525175676562e+13,4.000221144358292969e+13,2.499563141217924609e+13,2.760151388220954688e+13
1.420000000000000000e+02,9.477937559698639062e+13,4.077563895950950781e+13,2.549608489242214453e+13,2.841002821431380859e+13
1.425000000000000000e+02,9.670974729230634375e+13,4.153929885809355469e+13,2.598450366132226172e+13,2.915363967650660938e+13
1.430000000000000000e+02,9.859442222915387500e+13,4.229105522543528125e+13,2.646103889793680078e+13,2.984337424130861328e+13
1.435000000000000000e+02,1.004305715548255312e+14,4.302900527228987500e+13,2.692566794242818750e+13,3.048778634864738281e+13
1.440000000000000000e+02,1.022158978273467656e+14,4.375145843682809375e+13,2.737824275377199219e+13,3.109348730250858594e+13
1.445000000000000000e+02,1.039485128416951562e+14,4.445691532043833594e+13,2.781852764869559375e+13,3.166556292507474219e+13
1.450000000000000000e+02,1.056268433813879688e+14,4.514404729231845312e+13,2.824622842091669141e+13,3.220790350188484375e+13
1.455000000000000000e+02,1.072495587896782812e+14,4.581167728773883594e+13,2.866101457405802734e+13,3.272346426459271875e+13
1.460000000000000000e+02,1.088155155513219531e+14,4.645876210129926562e+13,2.906253609033579688e+13,3.321447087082194922e+13
1.465000000000000000e+02,1.103237151077855781e+14,4.708437631856337500e+13,2.945043589445102344e+13,3.368258134249973438e+13
1.470000000000000000e+02,1.117732719401452031e+14,4.768769792026222656e+13,2.982435895217244922e+13,3.412901354906758203e+13
1.475000000000000000e+02,1.131633895904276562e+14,4.826799552008288281e+13,3.018395876022996875e+13,3.455464543958225391e+13
1.480000000000000000e+02,1.144933428016534062e+14,4.882461715039071094e+13,3.052890183308008984e+13,3.496009373507569531e+13
1.485000000000000000e+02,1.157624643564568281e+14,4.935698048258996094e+13,3.085887066809229688e+13,3.534577560849959375e+13
1.490000000000000000e+02,1.169701355049357188e+14,4.986456435467258594e+13,3.117356556949165625e+13,3.571195694006629688e+13
1.495000000000000000e+02,1.181157791170667500e+14,5.034690147380542188e+13,3.147270562926380078e+13,3.605878999017242188e+13
1.500000000000000000e+02,1.191988548987350312e+14,5.080357216364214844e+13,3.175602909696294922e+13,3.638634274028531250e+13
1.505000000000000000e+02,1.202188561490601094e+14,5.123419903170733594e+13,3.202329331719962500e+13,3.669462168246150781e+13
1.510000000000000000e+02,1.211753076663021719e+14,5.163844244068206250e+13,3.227427437118328906e+13,3.698358946540749219e+13
1.515000000000000000e+02,1.220677644945709531e+14,5.201599667700925000e+13,3.250876652507581641e+13,3.725317850924737500e+13
1.520000000000000000e+02,1.228958112833451875e+14,5.236658672054068750e+13,3.272658156142535156e+13,3.750330146660775781e+13
1.525000000000000000e+02,1.236590620814055625e+14,5.268996552902871094e+13,3.292754804921682031e+13,3.773385922170632031e+13
1.530000000000000000e+02,1.243571604342759688e+14,5.298591176107072656e+13,3.311151059196095312e+13,3.794474697186017969e+13
1.535000000000000000e+02,1.249897796839938750e+14,5.325422787018389844e+13,3.327832908081155469e+13,3.813585881928878125e+13
1.540000000000000000e+02,1.255566234039522656e+14,5.349473851112720312e+13,3.342787797018730078e+13,3.830709120898107031e+13
1.545000000000000000e+02,1.260574259109096406e+14,5.370728920693441406e+13,3.356004558615229297e+13,3.845834547572841406e+13
1.550000000000000000e+02,1.264919528189886406e+14,5.389174523184489062e+13,3.367473347238148438e+13,3.858952970623532031e+13
1.555000000000000000e+02,1.268600016098888906e+14,5.404799067106541406e+13,3.377185577449131641e+13,3.870056007736722656e+13
1.560000000000000000e+02,1.271614021989391406e+14,5.417592762320492188e+13,3.385133866053019141e+13,3.879136179660805469e+13
1.565000000000000000e+02,1.273960174916601250e+14,5.427547551550457031e+13,3.391311977323930859e+13,3.886186974373396875e+13
1.570000000000000000e+02,1.275637439190583906e+14,5.434657050526457031e+13,3.395714770810522656e+13,3.891202889205335938e+13
1.575000000000000000e+02,1.276645119523993438e+14,5.438916494372201562e+13,3.398338151007591016e+13,3.894179457215578906e+13
1.580000000000000000e+02,1.276982865951924375e+14,5.440322688064398438e+13,3.399179018097799609e+13,3.895113263008843750e+13
1.585000000000000000e+02,1.276650678571271875e+14,5.438873958941675000e+13,3.398235218906251172e+13,3.894001952461645312e+13
1.590000000000000000e+02,1.275648912083490312e+14,5.434570109315889844e+13,3.395505497165548047e+13,3.890844240431972656e+13
1.595000000000000000e+02,1.273978280195473750e+14,5.427412367272897656e+13,3.390989442155582812e+13,3.885639920452496094e+13
1.600000000000000000e+02,1.271639859881454219e+14,5.417403333710583594e+13,3.384687434758332422e+13,3.878389880644482812e+13
1.605000000000000000e+02,1.268635095547740781e+14,5.404546923575396875e+13,3.376600589953143750e+13,3.869096130655913281e+13
1.610000000000000000e+02,1.264965803048251562e+14,5.388848299095602344e+13,3.366730694773971875e+13,3.857761845358482031e+13
1.615000000000000000e+02,1.260634173563015469e+14,5.370313792605278125e+13,3.355080140760624609e+13,3.844391432391907812e+13
1.620000000000000000e+02,1.255642777244183594e+14,5.348950816262013281e+13,3.341651849966850391e+13,3.828990632502778906e+13
1.625000000000000000e+02,1.249994566504090625e+14,5.324767755612127344e+13,3.326449193647794531e+13,3.811566664101371094e+13
1.630000000000000000e+02,1.243692878750837188e+14,5.297773843533023438e+13,3.309475902849228125e+13,3.792128426701599219e+13
1.635000000000000000e+02,1.236741438277281406e+14,5.267979010579778125e+13,3.290735970275803516e+13,3.770686782109155469e+13
1.640000000000000000e+02,1.229144356857157656e+14,5.235393707178269531e+13,3.270233543044676172e+13,3.747254937628258594e+13
1.645000000000000000e+02,1.220906132465857812e+14,5.200028692448842188e+13,3.247972806258119531e+13,3.721848962485132812e+13
1.650000000000000000e+02,1.212031645271088281e+14,5.161894783695978125e+13,3.223957857784319922e+13,3.694488477519250000e+13
1.655000000000000000e+02,1.202526149767375312e+14,5.121002559786250000e+13,3.198192575256591797e+13,3.665197569484456250e+13
1.660000000000000000e+02,1.192395261528352500e+14,5.077362010756737500e+13,3.170680477133181250e+13,3.634005995682046875e+13
1.665000000000000000e+02,1.181644936531306719e+14,5.030982125074564844e+13,3.141424580757908203e+13,3.600950762942990625e+13
1.670000000000000000e+02,1.170281440341457031e+14,4.981870405040077344e+13,3.110427261792557812e+13,3.566078188234779688e+13
1.675000000000000000e+02,1.158311303598277656e+14,4.930032299945145312e+13,3.077690121234310938e+13,3.529446577720005469e+13
1.680000000000000000e+02,1.145741259136478281e+14,4.875470545834650000e+13,3.043213868578792578e+13,3.491129698626419141e+13
1.685000000000000000e+02,1.132578154631523125e+14,4.818184400182814844e+13,3.006998232650070703e+13,3.451221265945700781e+13
1.690000000000000000e+02,1.118828832811458594e+14,4.758168759642592188e+13,2.969041915317708203e+13,3.409840726482507031e+13
1.695000000000000000e+02,1.104499968972117969e+14,4.695413149476038281e+13,2.929342607898295703e+13,3.367140699588085938e+13
1.700000000000000000e+02,1.089597852454588594e+14,4.629900574593151562e+13,2.887897095648958594e+13,3.323316531434790625e+13
1.705000000000000000e+02,1.074128094924447031e+14,4.561606224739050000e+13,2.844701482569026953e+13,3.278618543522299219e+13
1.710000000000000000e+02,1.058095243317675312e+14,4.490496030781577344e+13,2.799751576901957422e+13,3.233367713388771094e+13
1.715000000000000000e+02,1.041502269034317812e+14,4.416525075991405469e+13,2.753043487435016016e+13,3.187975725327184766e+13
1.720000000000000000e+02,1.024349896918706094e+14,4.339635876607059375e+13,2.704574492065296484e+13,3.142970582883448828e+13
1.725000000000000000e+02,1.006635727297050469e+14,4.259756561086960938e+13,2.654344253221299219e+13,3.099029297855144141e+13
1.730000000000000000e+02,9.883530912670818750e+13,4.176798998916186719e+13,2.602356469591688672e+13,3.057019581352871094e+13
1.735000000000000000e+02,9.694895627850835938e+13,4.090656959817207812e+13,2.548621070058223828e+13,3.018052985445891797e+13
1.740000000000000000e+02,9.500250299216757812e+13,4.001204425538293750e+13,2.493157073367978906e+13,2.983552609989300391e+13
1.745000000000000000e+02,9.299292006047703125e+13,3.908294232733257812e+13,2.435996255171704297e+13,2.955339338135704688e+13
1.750000000000000000e+02,9.091583838764085938e+13,3.811757301632908594e+13,2.377187781353451172e+13,2.935741646694542969e+13
1.755000000000000000e+02,8.876513438973793750e+13,3.711402807447134375e+13,2.316803981101791016e+13,2.927735419270273828e+13
1.760000000000000000e+02,8.653239682601643750e+13,3.607019787845123438e+13,2.254947441910128906e+13,2.935121954926494531e+13
1.765000000000000000e+02,8.420624213015810938e+13,3.498380860914610156e+13,2.191759607175388281e+13,2.962754620887452344e+13
1.770000000000000000e+02,8.177143627846932812e+13,3.385248967240778125e+13,2.127431038807973047e+13,3.016827483311897656e+13
1.775000000000000000e+02,7.920776972936096875e+13,3.267388364691876562e+13,2.062213463012478906e+13,3.105242944169846875e+13
1.780000000000000000e+02,7.648861731499543750e+13,3.144581517744014453e+13,1.996433634090330078e+13,3.238080144976925000e+13
1.785000000000000000e+02,7.357909627319206250e+13,3.016654063827172266e+13,1.930508910523988672e+13,3.428191966472623828e+13
1.790000000000000000e+02,7.043371177871609375e+13,2.883510744777361328e+13,1.864964214499072266e+13,3.691966240308664062e+13
1.795000000000000000e+02,6.699334891079532031e+13,2.745186110313306250e+13,1.800449705735792578e+13,4.050296788976861719e+13
1.800000000000000000e+02,6.318143115945911719e+13,2.601914994711240625e+13,1.737757995683116992e+13,4.529822762433389844e+13
1.805000000000000000e+02,5.917494751717228906e+13,2.476752128299781641e+13,1.684056380572243555e+13,5.142754598574102344e+13
1.810000000000000000e+02,5.541647850666896875e+13,2.354066121152377344e+13,1.627257292463743359e+13,5.658058894863606250e+13
1.815000000000000000e+02,5.189027159504756250e+13,2.234365502140704688e+13,1.568210955545534375e+13,6.084098025206133594e+13
1.820000000000000000e+02,4.858154770863805469e+13,2.118038984810224609e+13,1.507650038925281641e+13,6.428757610632312500e+13
1.825000000000000000e+02,4.547643929080052344e+13,2.005374219822781250e+13,1.446201863260095898e+13,6.699445733909457031e+13
1.830000000000000000e+02,4.256193218008291406e+13,1.896573908339067578e+13,1.384399720015949219e+13,6.903097100339060156e+13
1.835000000000000000e+02,3.982581106513779688e+13,1.791769630565410156e+13,1.322693296065380469e+13,7.046181265457076562e+13
1.840000000000000000e+02,3.725660828778699219e+13,1.691033697020658789e+13,1.261458216948980469e+13,7.134714152441332812e+13
1.845000000000000000e+02,3.484355577965806250e+13,1.594389289499271094e+13,1.201004736985987109e+13,7.174272177251540625e+13
1.850000000000000000e+02,3.257653993094838672e+13,1.501819123425001172e+13,1.141585614746909961e+13,7.170008387405479688e+13
1.855000000000000000e+02,3.044605920216271484e+13,1.413272832617264844e+13,1.083403219188697070e+13,7.126670100659479688e+13
1.860000000000000000e+02,2.844318430116573047e+13,1.328673250830047852e+13,1.026615915801778125e+13,7.048617602770948438e+13
1.865000000000000000e+02,2.655952075864364062e+13,1.247921741249780078e+13,9.713437840724941406e+12,6.939843529193546094e+13
1.870000000000000000e+02,2.478717374512038672e+13,1.170902704999853711e+13,9.176737179402537109e+12,6.803992614326608594e+13
1.875000000000000000e+02,2.311871498206941406e+13,1.097487382200640234e+13,8.656639601375416992e+12,6.644381544215925781e+13
1.880000000000000000e+02,2.154715160843844141e+13,1.027537043931174805e+13,8.153481196687908203e+12,6.464018694836513281e+13
1.885000000000000000e+02,2.006589687210027734e+13,9.609056602330814453e+12,7.667387194680185547e+12,6.265623578753517969e+13
1.890000000000000000e+02,1.866874252339142188e+13,8.974421178286746094e+12,7.198303186756950195e+12,6.051645858535332031e+13
1.895000000000000000e+02,1.734983279503403320e+13,8.369920512669409180e+12,6.746022511480567383e+12,5.824283816255342969e+13
1.900000000000000000e+02,1.610363985938551758e+13,7.793993425665561523e+12,6.310210188759620117e+12,5.585502195222602344e+13
1.905000000000000000e+02,1.492494066015207227e+13,7.245073369226673828e+12,5.890423760353046875e+12,5.337049353160537500e+13
1.910000000000000000e+02,1.380879502146284766e+13,6.721598155350885742e+12,5.486131364835025391e+12,5.080473685815544531e+13
1.915000000000000000e+02,1.275052494255553320e+13,6.222017609700657227e+12,5.096727347048459961e+12,4.817139296802414844e+13
1.920000000000000000e+02,1.174569499129271094e+13,5.744799455733393555e+12,4.721545675252784180e+12,4.548240903732172656e+13
1.925000000000000000e+02,1.079009371433434180e+13,5.288433692108961914e+12,4.359871413867743652e+12,4.274817982639682812e+13
1.930000000000000000e+02,9.879715986052425781e+12,4.851435689404691406e+12,4.010950476066616699e+12,3.997768162725200781e+13
1.935000000000000000e+02,9.010746222208417969e+12,4.432348200376636719e+12,3.673997858548987793e+12,3.717859891709634375e+13
1.940000000000000000e+02,8.179542388038395508e+12,4.029742450513800293e+12,3.348204540645748047e+12,3.435744398914195703e+13
1.945000000000000000e+02,7.382620733720539062e+12,3.642218451883577148e+12,3.032743211460249023e+12,3.151966988724111719e+13
1.950000000000000000e+02,6.616641193248058594e+12,3.268404662779557129e+12,2.726772971987459961e+12,2.866977701571679297e+13
1.955000000000000000e+02,5.878393385511133789e+12,2.906957098039914551e+12,2.429443144017185059e+12,2.581141383143828906e+13
1.960000000000000000e+02,5.164783158915493164e+12,2.556557979745461914e+12,2.139896304046595703e+12,2.294747205331302344e+13
1.965000000000000000e+02,4.472819623143333984e+12,2.215914005019959473e+12,1.857270648324475098e+12,2.008017684620132812e+13
1.970000000000000000e+02,3.799602613703885742e+12,1.883754296574812012e+12,1.580701784445552734e+12,1.721117245294541797e+13
1.975000000000000000e+02,3.142310536735020996e+12,1.558828092236688232e+12,1.309324035530170410e+12,1.434160376071959375e+13
1.980000000000000000e+02,2.498188543110827148e+12,1.239902221775592529e+12,1.042271334887927246e+12,1.147219429709781055e+13
1.985000000000000000e+02,1.864536982290404297e+12,9.257584127476475830e+11,7.786777821048428955e+11,8.603321157821425781e+12
1.990000000000000000e+02,1.238700087515525391e+12,6.151904616442304688e+11,5.176779256494699097e+11,5.735087372837536133e+12
1.995000000000000000e+02,6.180548449344427490e+11,3.070013022833918457e+11,2.584068323094855347e+11,2.867392220271313965e+12
2.000000000000000000e+02,-1.964057267278300576e-03,1.682545758581903211e-04,1.019335932119703374e-04,-0.000000000000000000e+00
